T,chi,chi_err
1.00000000e-05,1.67642306e-04,7.50094323e-06
5.00000000e-01,4.96941397e+00,2.22350152e-01
1.00000000e+00,4.10413035e+00,1.83634129e-01
1.40000000e+00,4.58857783e+00,2.05310119e-01
1.42000000e+00,9.27908483e+00,4.15180931e-01
1.45000000e+00,9.37515149e+00,4.19479313e-01
1.50000000e+00,2.52006106e+01,1.12756949e+00
2.00000000e+00,2.25360501e+00,1.00834710e-01
