T,eta,eta_err,xi,xi_err
1.00000000e-05,1.28945224e-06,3.54869315e-08,4.59103689e+06,5.94355153e+05
5.00000000e-01,5.76869570e-02,1.11843435e-03,9.34399552e+01,1.34154013e+01
1.00000000e+00,1.34800132e-01,1.22880007e-03,3.76655485e+01,5.21338979e+00
1.40000000e+00,2.33347527e-01,1.87237669e-03,2.17913031e+01,3.05242180e+00
1.42000000e+00,2.83707167e-01,5.99552448e-03,1.98334968e+01,2.43500925e+00
1.45000000e+00,3.12917697e-01,7.51322515e-03,1.86166273e+01,2.25908504e+00
1.50000000e+00,3.60051810e-01,1.06751011e-02,1.65697166e+01,1.94157409e+00
2.00000000e+00,1.99414694e+00,1.62210779e-01,2.14081459e+00,1.13098889e-01
