T,chi,chi_err
1.00000000e-05,3.10028349e-05,1.38718269e-06
5.00000000e-01,9.46998450e-01,4.23722496e-02
1.00000000e+00,2.87936355e+00,1.28833486e-01
1.40000000e+00,4.67534621e+00,2.09192461e-01
1.42000000e+00,5.34611164e+00,2.39205013e-01
1.45000000e+00,6.74855408e+00,3.01955529e-01
1.50000000e+00,7.18547139e+00,3.21504842e-01
2.00000000e+00,2.01117618e+00,8.99875381e-02
