T,eta,eta_err,xi,xi_err
1.00000000e-05,1.06784380e-06,1.38075964e-08,2.24905678e+06,4.44158822e+05
5.00000000e-01,4.55254505e-02,7.95073492e-04,4.38098236e+01,9.43320305e+00
1.00000000e+00,1.40693101e-01,1.97463331e-03,1.74564644e+01,3.29743496e+00
1.40000000e+00,3.25648144e-01,1.52601868e-02,9.41453426e+00,1.66934035e+00
1.42000000e+00,2.98694486e-01,7.77283492e-03,8.98758720e+00,1.60706747e+00
1.45000000e+00,3.76816919e-01,1.84011142e-02,8.52270817e+00,1.34808463e+00
1.50000000e+00,3.10571022e-01,6.18745824e-03,8.28940952e+00,1.45383507e+00
2.00000000e+00,1.97373239e+00,2.63755487e-01,2.21029202e+00,1.54639205e-01
