T,chi,chi_err
1.00000000e-05,1.23126125e-05,5.50912297e-07
5.00000000e-01,4.97566452e-01,2.22629825e-02
1.00000000e+00,1.54318229e+00,6.90477427e-02
1.40000000e+00,1.48140938e+00,6.62837918e-02
1.42000000e+00,1.85178383e+00,8.28557289e-02
1.45000000e+00,2.35138964e+00,1.05209960e-01
1.50000000e+00,2.25475658e+00,1.00886235e-01
2.00000000e+00,1.49430542e+00,6.68608089e-02
