T,eta,eta_err,xi,xi_err
1.00000000e-05,1.33882345e-06,8.99965955e-08,2.47467057e+06,1.31442442e+05
5.00000000e-01,7.04000672e-02,3.35437459e-03,4.77026799e+01,3.21173934e+00
1.00000000e+00,1.50464250e-01,4.87841942e-03,2.25396463e+01,1.77387173e+00
1.40000000e+00,2.90623670e-01,2.33690751e-02,1.13192912e+01,5.83807091e-01
1.50000000e+00,4.00101990e-01,2.98666963e-02,8.26130837e+00,4.65456946e-01
2.00000000e+00,1.11532512e+00,6.01283089e-02,3.01068060e+00,2.15957944e-01
